<?xml version="1.0" encoding="UTF-8"?>
<java version="1.7.0_09" class="java.beans.XMLDecoder">
 <int>8</int>
 <int>1</int>
 <string>meeting</string>
 <string>&quot;21 arb street&quot;</string>
 <null/>
 <object class="java.util.Date">
  <long>1352780220000</long>
 </object>
 <string>boss</string>
 <object class="java.lang.Enum" id="Task$Status0" method="valueOf">
  <class>Task$Status</class>
  <string>INCOMPLETE</string>
 </object>
 <object class="java.lang.Enum" id="Task$Priority0" method="valueOf">
  <class>Task$Priority</class>
  <string>HIGH</string>
 </object>
 <int>2</int>
 <string>submit report</string>
 <null/>
 <null/>
 <object class="java.util.Date">
  <long>1356474600000</long>
 </object>
 <null/>
 <object idref="Task$Status0"/>
 <object class="java.lang.Enum" id="Task$Priority1" method="valueOf">
  <class>Task$Priority</class>
  <string>NULL</string>
 </object>
 <int>0</int>
 <string>meeting</string>
 <string>&quot;21 arab meeting&quot;</string>
 <null/>
 <object class="java.util.Date">
  <long>1352780340000</long>
 </object>
 <string>boss</string>
 <object idref="Task$Status0"/>
 <object idref="Task$Priority0"/>
 <int>4</int>
 <string>dinner</string>
 <null/>
 <object class="java.util.Date">
  <long>1352735700000</long>
 </object>
 <object class="java.util.Date">
  <long>1352735820000</long>
 </object>
 <null/>
 <object class="java.lang.Enum" id="Task$Status1" method="valueOf">
  <class>Task$Status</class>
  <string>COMPLETE</string>
 </object>
 <object idref="Task$Priority1"/>
 <int>3</int>
 <string>meeting</string>
 <null/>
 <null/>
 <object class="java.util.Date">
  <long>1352735760000</long>
 </object>
 <null/>
 <object idref="Task$Status0"/>
 <object class="java.lang.Enum" method="valueOf">
  <class>Task$Priority</class>
  <string>LOW</string>
 </object>
 <int>5</int>
 <string>meeting</string>
 <null/>
 <null/>
 <object class="java.util.Date">
  <long>1384617601077</long>
 </object>
 <string>boss</string>
 <object idref="Task$Status0"/>
 <object idref="Task$Priority1"/>
 <int>6</int>
 <string>something</string>
 <null/>
 <null/>
 <null/>
 <null/>
 <object idref="Task$Status1"/>
 <object idref="Task$Priority1"/>
 <int>8</int>
 <string>test</string>
 <null/>
 <null/>
 <object class="java.util.Date">
  <long>1352736001066</long>
 </object>
 <null/>
 <object idref="Task$Status1"/>
 <object idref="Task$Priority1"/>
</java>
